{
  "metadata": {
    "name": "hentairules",
    "author": "hajljnopera",
    "version": 1,
    "source": "https://www.hentairules.net",
    "regexp": "www\\.hentairules\\.net/\\d+/\\d+/\\d+/[^/]+/?$",
    "description": "Đọc truyện trên trang https://www.hentairules.net",
    "local": "vi-VN",
    "language": "javascript",
    "type": "comic",
    "tag": "nsfw"
  },
  "script": {
    "home": "home.js",
    "detail": "detail.js",
    "toc": "toc.js",
    "chap": "chap.js",
    "search": "search.js"
  }
}