{
  "metadata": {
    "name": "630shu",
    "author": "hajljnopera",
    "version": 3,
    "source": "https://www.630shu.net",
    "regexp": "(www|m)\\.630shu\\.net/(shu/\\d+\\.html|(chapters|book)_\\d+/?)$",
    "description": "Đọc truyện trên trang https://www.630shu.net",
    "local": "vi-VN",
    "language": "javascript",
    "type": "chinese_novel"
  },
  "script": {
    "detail": "detail.js",
    "toc": "toc.js",
    "chap": "chap.js",
    "home": "home.js",
    "search": "search.js"
  }
}