{
  "metadata": {
    "name": "qidian",
    "author": "hajljnopera",
    "version": 6,
    "source": "https://www.qidian.com",
    "regexp": "(book|m)\\.qidian\\.com/(info|book)/\\d+(\\.html)?",
    "description": "Đọc truyện trên trang https://www.qidian.com. \n(Giới hạn chỉ đọc được chương free)",
    "locale": "zh_CN",
    "language": "javascript",
    "type": "chinese_novel"
  },
  "script": {
    "detail": "detail.js",
    "toc": "toc.js",
    "chap": "chap.js",
    "home": "home.js",
    "search": "search.js",
    "genre": "genre.js"
  }
}