{
  "metadata": {
    "name": "17k",
    "author": "hajljnopera",
    "version": 2,
    "source": "https://www.17k.com",
    "regexp": "(www|h5)\\.17k\\.com/book/\\d+\\.html",
    "description": "Đọc truyện trên trang https://www.17k.com.\n(Giới hạn chỉ đọc được chương free)",
    "local": "vi-VN",
    "language": "javascript",
    "type": "chinese_novel"
  },
  "script": {
    "detail": "detail.js",
    "home": "home.js",
    "toc": "toc.js",
    "chap": "chap.js",
    "search": "search.js"
  }
}