{
  "metadata": {
    "name": "zongheng",
    "author": "hajljnopera",
    "version": 2,
    "source": "http://www.zongheng.com",
    "regexp": "(book|huayu|m)\\.zongheng\\.com/(book/\\d+\\.html$|h\\d+/book\\?bookid=\\d+[^/]+/?$)",
    "description": "Đọc truyện trên trang http://www.zongheng.com",
    "local": "vi-VN",
    "language": "javascript",
    "type": "chinese_novel"
  },
  "script": {
    "home": "home.js",
    "detail": "detail.js",
    "toc": "toc.js",
    "chap": "chap.js",
    "search": "search.js"
  }
}